feature,coef,abs_coef
literature_mentions,0.0,0.0
conservation_score,0.0005646533794115926,0.0005646533794115926
mutation_count,0.055984368881749104,0.055984368881749104
