accuracy,coverage,runtime_sec,HDE
1.0,377,0.009857177734375,38246.23760602875
